LocationType,Location,TimeFrame,DataFormat,Data
State,Tennessee,2007,Percent,0.225
State,Tennessee,2008,Percent,0.218
State,Tennessee,2009,Percent,0.24
State,Tennessee,2007,Number,324562
State,Tennessee,2008,Number,316163
State,Tennessee,2009,Number,352943
State,Tennessee,2010,Number,380591
State,Tennessee,2010,Percent,0.259
State,Tennessee,2011,Number,389808
State,Tennessee,2011,Percent,0.265
State,Tennessee,2012,Number,383402
State,Tennessee,2012,Percent,0.261
State,Tennessee,2013,Number,388141
State,Tennessee,2013,Percent,0.265
State,Tennessee,2014,Number,380159
State,Tennessee,2014,Percent,0.259
State,Tennessee,2015,Number,355680
State,Tennessee,2015,Percent,0.241
State,Tennessee,2016,Number,333899
State,Tennessee,2016,Percent,0.226
State,Tennessee,2017,Number,313432
State,Tennessee,2017,Percent,0.211
State,Tennessee,2018,Number,322616
State,Tennessee,2018,Percent,0.218
State,Tennessee,2019,Number,286752
State,Tennessee,2019,Percent,0.194
County,Anderson,2007,Percent,0.235
County,Anderson,2008,Percent,0.217
County,Anderson,2009,Percent,0.246
County,Anderson,2007,Number,3742
County,Anderson,2008,Number,3459
County,Anderson,2009,Number,4133
County,Anderson,2010,Number,4095
County,Anderson,2010,Percent,0.254
County,Anderson,2011,Number,3993
County,Anderson,2011,Percent,0.251
County,Anderson,2012,Number,4638
County,Anderson,2012,Percent,0.295
County,Anderson,2013,Number,4658
County,Anderson,2013,Percent,0.298
County,Anderson,2014,Number,3712
County,Anderson,2014,Percent,0.238
County,Anderson,2015,Number,4691
County,Anderson,2015,Percent,0.3
County,Anderson,2016,Number,3364
County,Anderson,2016,Percent,0.216
County,Anderson,2017,Number,3476
County,Anderson,2017,Percent,0.219
County,Anderson,2018,Number,3450
County,Anderson,2018,Percent,0.219
County,Anderson,2019,Number,3489
County,Anderson,2019,Percent,0.219
County,Bedford,2007,Percent,0.243
County,Bedford,2008,Percent,0.225
County,Bedford,2009,Percent,0.275
County,Bedford,2007,Number,2724
County,Bedford,2008,Number,2557
County,Bedford,2009,Number,3274
County,Bedford,2010,Number,3990
County,Bedford,2010,Percent,0.339
County,Bedford,2011,Number,3263
County,Bedford,2011,Percent,0.276
County,Bedford,2012,Number,3082
County,Bedford,2012,Percent,0.259
County,Bedford,2013,Number,3278
County,Bedford,2013,Percent,0.277
County,Bedford,2014,Number,3389
County,Bedford,2014,Percent,0.284
County,Bedford,2015,Number,2981
County,Bedford,2015,Percent,0.247
County,Bedford,2016,Number,2683
County,Bedford,2016,Percent,0.225
County,Bedford,2017,Number,2756
County,Bedford,2017,Percent,0.229
County,Bedford,2018,Number,2772
County,Bedford,2018,Percent,0.228
County,Bedford,2019,Number,2351
County,Bedford,2019,Percent,0.192
County,Benton,2007,Percent,0.309
County,Benton,2008,Percent,0.294
County,Benton,2009,Percent,0.316
County,Benton,2007,Number,1011
County,Benton,2008,Number,947
County,Benton,2009,Number,1018
County,Benton,2010,Number,1113
County,Benton,2010,Percent,0.339
County,Benton,2011,Number,1122
County,Benton,2011,Percent,0.345
County,Benton,2012,Number,1137
County,Benton,2012,Percent,0.357
County,Benton,2013,Number,1129
County,Benton,2013,Percent,0.356
County,Benton,2014,Number,1030
County,Benton,2014,Percent,0.33
County,Benton,2015,Number,1014
County,Benton,2015,Percent,0.322
County,Benton,2016,Number,932
County,Benton,2016,Percent,0.301
County,Benton,2017,Number,906
County,Benton,2017,Percent,0.297
County,Benton,2018,Number,950
County,Benton,2018,Percent,0.3
County,Benton,2019,Number,869
County,Benton,2019,Percent,0.278
County,Bledsoe,2007,Percent,0.298
County,Bledsoe,2008,Percent,0.331
County,Bledsoe,2009,Percent,0.358
County,Bledsoe,2007,Number,796
County,Bledsoe,2008,Number,868
County,Bledsoe,2009,Number,925
County,Bledsoe,2010,Number,910
County,Bledsoe,2010,Percent,0.343
County,Bledsoe,2011,Number,893
County,Bledsoe,2011,Percent,0.34
County,Bledsoe,2012,Number,916
County,Bledsoe,2012,Percent,0.354
County,Bledsoe,2013,Number,871
County,Bledsoe,2013,Percent,0.363
County,Bledsoe,2014,Number,823
County,Bledsoe,2014,Percent,0.354
County,Bledsoe,2015,Number,790
County,Bledsoe,2015,Percent,0.345
County,Bledsoe,2016,Number,763
County,Bledsoe,2016,Percent,0.333
County,Bledsoe,2017,Number,680
County,Bledsoe,2017,Percent,0.301
County,Bledsoe,2018,Number,753
County,Bledsoe,2018,Percent,0.35
County,Bledsoe,2019,Number,845
County,Bledsoe,2019,Percent,0.406
County,Blount,2007,Percent,0.165
County,Blount,2008,Percent,0.157
County,Blount,2009,Percent,0.168
County,Blount,2007,Number,4279
County,Blount,2008,Number,4093
County,Blount,2009,Number,4476
County,Blount,2010,Number,5474
County,Blount,2010,Percent,0.204
County,Blount,2011,Number,5604
County,Blount,2011,Percent,0.211
County,Blount,2012,Number,5455
County,Blount,2012,Percent,0.208
County,Blount,2013,Number,5327
County,Blount,2013,Percent,0.203
County,Blount,2014,Number,5681
County,Blount,2014,Percent,0.218
County,Blount,2015,Number,5043
County,Blount,2015,Percent,0.193
County,Blount,2016,Number,4197
County,Blount,2016,Percent,0.161
County,Blount,2017,Number,4450
County,Blount,2017,Percent,0.171
County,Blount,2018,Number,3502
County,Blount,2018,Percent,0.135
County,Blount,2019,Number,3636
County,Blount,2019,Percent,0.141
County,Bradley,2007,Percent,0.215
County,Bradley,2008,Percent,0.186
County,Bradley,2009,Percent,0.227
County,Bradley,2007,Number,4606
County,Bradley,2008,Number,4068
County,Bradley,2009,Number,5037
County,Bradley,2010,Number,5614
County,Bradley,2010,Percent,0.252
County,Bradley,2011,Number,6258
County,Bradley,2011,Percent,0.278
County,Bradley,2012,Number,6331
County,Bradley,2012,Percent,0.283
County,Bradley,2013,Number,6191
County,Bradley,2013,Percent,0.275
County,Bradley,2014,Number,5443
County,Bradley,2014,Percent,0.24
County,Bradley,2015,Number,5457
County,Bradley,2015,Percent,0.238
County,Bradley,2016,Number,4446
County,Bradley,2016,Percent,0.196
County,Bradley,2017,Number,4708
County,Bradley,2017,Percent,0.206
County,Bradley,2018,Number,4770
County,Bradley,2018,Percent,0.209
County,Bradley,2019,Number,4031
County,Bradley,2019,Percent,0.174
County,Campbell,2007,Percent,0.332
County,Campbell,2008,Percent,0.337
County,Campbell,2009,Percent,0.358
County,Campbell,2007,Number,2890
County,Campbell,2008,Number,2930
County,Campbell,2009,Number,3152
County,Campbell,2010,Number,3041
County,Campbell,2010,Percent,0.348
County,Campbell,2011,Number,3378
County,Campbell,2011,Percent,0.39
County,Campbell,2012,Number,3216
County,Campbell,2012,Percent,0.378
County,Campbell,2013,Number,2978
County,Campbell,2013,Percent,0.357
County,Campbell,2014,Number,2824
County,Campbell,2014,Percent,0.343
County,Campbell,2015,Number,3199
County,Campbell,2015,Percent,0.394
County,Campbell,2016,Number,2851
County,Campbell,2016,Percent,0.35
County,Campbell,2017,Number,2610
County,Campbell,2017,Percent,0.324
County,Campbell,2018,Number,2219
County,Campbell,2018,Percent,0.278
County,Campbell,2019,Number,2452
County,Campbell,2019,Percent,0.311
County,Cannon,2007,Percent,0.225
County,Cannon,2008,Percent,0.217
County,Cannon,2009,Percent,0.242
County,Cannon,2007,Number,679
County,Cannon,2008,Number,671
County,Cannon,2009,Number,757
County,Cannon,2010,Number,795
County,Cannon,2010,Percent,0.262
County,Cannon,2011,Number,941
County,Cannon,2011,Percent,0.321
County,Cannon,2012,Number,737
County,Cannon,2012,Percent,0.255
County,Cannon,2013,Number,710
County,Cannon,2013,Percent,0.252
County,Cannon,2014,Number,665
County,Cannon,2014,Percent,0.232
County,Cannon,2015,Number,666
County,Cannon,2015,Percent,0.234
County,Cannon,2016,Number,627
County,Cannon,2016,Percent,0.218
County,Cannon,2017,Number,677
County,Cannon,2017,Percent,0.227
County,Cannon,2018,Number,669
County,Cannon,2018,Percent,0.22
County,Cannon,2019,Number,601
County,Cannon,2019,Percent,0.195
County,Carroll,2007,Percent,0.282
County,Carroll,2008,Percent,0.251
County,Carroll,2009,Percent,0.262
County,Carroll,2007,Number,1758
County,Carroll,2008,Number,1548
County,Carroll,2009,Number,1677
County,Carroll,2010,Number,1823
County,Carroll,2010,Percent,0.297
County,Carroll,2011,Number,1971
County,Carroll,2011,Percent,0.32
County,Carroll,2012,Number,1701
County,Carroll,2012,Percent,0.277
County,Carroll,2013,Number,1641
County,Carroll,2013,Percent,0.27
County,Carroll,2014,Number,1705
County,Carroll,2014,Percent,0.282
County,Carroll,2015,Number,1832
County,Carroll,2015,Percent,0.311
County,Carroll,2016,Number,1560
County,Carroll,2016,Percent,0.266
County,Carroll,2017,Number,1512
County,Carroll,2017,Percent,0.258
County,Carroll,2018,Number,1617
County,Carroll,2018,Percent,0.275
County,Carroll,2019,Number,1379
County,Carroll,2019,Percent,0.236
County,Carter,2007,Percent,0.303
County,Carter,2008,Percent,0.283
County,Carter,2009,Percent,0.314
County,Carter,2007,Number,3424
County,Carter,2008,Number,3219
County,Carter,2009,Number,3503
County,Carter,2010,Number,4577
County,Carter,2010,Percent,0.406
County,Carter,2011,Number,3519
County,Carter,2011,Percent,0.314
County,Carter,2012,Number,3597
County,Carter,2012,Percent,0.322
County,Carter,2013,Number,3715
County,Carter,2013,Percent,0.34
County,Carter,2014,Number,3535
County,Carter,2014,Percent,0.332
County,Carter,2015,Number,3523
County,Carter,2015,Percent,0.331
County,Carter,2016,Number,3195
County,Carter,2016,Percent,0.302
County,Carter,2017,Number,3028
County,Carter,2017,Percent,0.29
County,Carter,2018,Number,2973
County,Carter,2018,Percent,0.294
County,Carter,2019,Number,2741
County,Carter,2019,Percent,0.276
County,Cheatham,2007,Percent,0.13
County,Cheatham,2008,Percent,0.134
County,Cheatham,2009,Percent,0.159
County,Cheatham,2007,Number,1249
County,Cheatham,2008,Number,1278
County,Cheatham,2009,Number,1554
County,Cheatham,2010,Number,1806
County,Cheatham,2010,Percent,0.189
County,Cheatham,2011,Number,1972
County,Cheatham,2011,Percent,0.208
County,Cheatham,2012,Number,1723
County,Cheatham,2012,Percent,0.184
County,Cheatham,2013,Number,1870
County,Cheatham,2013,Percent,0.203
County,Cheatham,2014,Number,1773
County,Cheatham,2014,Percent,0.192
County,Cheatham,2015,Number,1461
County,Cheatham,2015,Percent,0.163
County,Cheatham,2016,Number,1464
County,Cheatham,2016,Percent,0.164
County,Cheatham,2017,Number,1317
County,Cheatham,2017,Percent,0.146
County,Cheatham,2018,Number,1175
County,Cheatham,2018,Percent,0.134
County,Cheatham,2019,Number,1061
County,Cheatham,2019,Percent,0.122
County,Chester,2007,Percent,0.24
County,Chester,2008,Percent,0.234
County,Chester,2009,Percent,0.262
County,Chester,2007,Number,851
County,Chester,2008,Number,839
County,Chester,2009,Number,968
County,Chester,2010,Number,1023
County,Chester,2010,Percent,0.263
County,Chester,2011,Number,1018
County,Chester,2011,Percent,0.267
County,Chester,2012,Number,991
County,Chester,2012,Percent,0.263
County,Chester,2013,Number,1020
County,Chester,2013,Percent,0.271
County,Chester,2014,Number,942
County,Chester,2014,Percent,0.253
County,Chester,2015,Number,992
County,Chester,2015,Percent,0.265
County,Chester,2016,Number,872
County,Chester,2016,Percent,0.234
County,Chester,2017,Number,802
County,Chester,2017,Percent,0.216
County,Chester,2018,Number,817
County,Chester,2018,Percent,0.22
County,Chester,2019,Number,702
County,Chester,2019,Percent,0.192
County,Claiborne,2007,Percent,0.306
County,Claiborne,2008,Percent,0.31
County,Claiborne,2009,Percent,0.322
County,Claiborne,2007,Number,2086
County,Claiborne,2008,Number,2102
County,Claiborne,2009,Number,2125
County,Claiborne,2010,Number,2238
County,Claiborne,2010,Percent,0.339
County,Claiborne,2011,Number,2406
County,Claiborne,2011,Percent,0.37
County,Claiborne,2012,Number,2143
County,Claiborne,2012,Percent,0.338
County,Claiborne,2013,Number,1863
County,Claiborne,2013,Percent,0.309
County,Claiborne,2014,Number,2060
County,Claiborne,2014,Percent,0.341
County,Claiborne,2015,Number,2009
County,Claiborne,2015,Percent,0.331
County,Claiborne,2016,Number,1979
County,Claiborne,2016,Percent,0.331
County,Claiborne,2017,Number,1837
County,Claiborne,2017,Percent,0.312
County,Claiborne,2018,Number,2075
County,Claiborne,2018,Percent,0.352
County,Claiborne,2019,Number,1581
County,Claiborne,2019,Percent,0.267
County,Clay,2007,Percent,0.334
County,Clay,2008,Percent,0.331
County,Clay,2009,Percent,0.356
County,Clay,2007,Number,522
County,Clay,2008,Number,513
County,Clay,2009,Number,592
County,Clay,2010,Number,613
County,Clay,2010,Percent,0.378
County,Clay,2011,Number,565
County,Clay,2011,Percent,0.353
County,Clay,2012,Number,581
County,Clay,2012,Percent,0.368
County,Clay,2013,Number,621
County,Clay,2013,Percent,0.397
County,Clay,2014,Number,553
County,Clay,2014,Percent,0.35
County,Clay,2015,Number,533
County,Clay,2015,Percent,0.348
County,Clay,2016,Number,520
County,Clay,2016,Percent,0.338
County,Clay,2017,Number,506
County,Clay,2017,Percent,0.328
County,Clay,2018,Number,473
County,Clay,2018,Percent,0.307
County,Clay,2019,Number,423
County,Clay,2019,Percent,0.281
County,Cocke,2007,Percent,0.399
County,Cocke,2008,Percent,0.333
County,Cocke,2009,Percent,0.364
County,Cocke,2007,Number,3024
County,Cocke,2008,Number,2550
County,Cocke,2009,Number,2826
County,Cocke,2010,Number,3663
County,Cocke,2010,Percent,0.489
County,Cocke,2011,Number,3034
County,Cocke,2011,Percent,0.411
County,Cocke,2012,Number,3122
County,Cocke,2012,Percent,0.425
County,Cocke,2013,Number,3009
County,Cocke,2013,Percent,0.411
County,Cocke,2014,Number,2925
County,Cocke,2014,Percent,0.404
County,Cocke,2015,Number,2853
County,Cocke,2015,Percent,0.401
County,Cocke,2016,Number,2726
County,Cocke,2016,Percent,0.387
County,Cocke,2017,Number,2662
County,Cocke,2017,Percent,0.373
County,Cocke,2018,Number,2542
County,Cocke,2018,Percent,0.357
County,Cocke,2019,Number,2937
County,Cocke,2019,Percent,0.413
County,Coffee,2007,Percent,0.199
County,Coffee,2008,Percent,0.247
County,Coffee,2009,Percent,0.252
County,Coffee,2007,Number,2420
County,Coffee,2008,Number,3005
County,Coffee,2009,Number,3130
County,Coffee,2010,Number,4135
County,Coffee,2010,Percent,0.33
County,Coffee,2011,Number,3562
County,Coffee,2011,Percent,0.286
County,Coffee,2012,Number,3371
County,Coffee,2012,Percent,0.27
County,Coffee,2013,Number,3744
County,Coffee,2013,Percent,0.299
County,Coffee,2014,Number,3206
County,Coffee,2014,Percent,0.256
County,Coffee,2015,Number,3090
County,Coffee,2015,Percent,0.242
County,Coffee,2016,Number,2896
County,Coffee,2016,Percent,0.225
County,Coffee,2017,Number,2776
County,Coffee,2017,Percent,0.215
County,Coffee,2018,Number,3262
County,Coffee,2018,Percent,0.251
County,Coffee,2019,Number,2779
County,Coffee,2019,Percent,0.21
County,Crockett,2007,Percent,0.235
County,Crockett,2008,Percent,0.252
County,Crockett,2009,Percent,0.268
County,Crockett,2007,Number,801
County,Crockett,2008,Number,844
County,Crockett,2009,Number,940
County,Crockett,2010,Number,1040
County,Crockett,2010,Percent,0.296
County,Crockett,2011,Number,1019
County,Crockett,2011,Percent,0.29
County,Crockett,2012,Number,1065
County,Crockett,2012,Percent,0.305
County,Crockett,2013,Number,964
County,Crockett,2013,Percent,0.277
County,Crockett,2014,Number,927
County,Crockett,2014,Percent,0.262
County,Crockett,2015,Number,902
County,Crockett,2015,Percent,0.258
County,Crockett,2016,Number,853
County,Crockett,2016,Percent,0.251
County,Crockett,2017,Number,848
County,Crockett,2017,Percent,0.248
County,Crockett,2018,Number,844
County,Crockett,2018,Percent,0.254
County,Crockett,2019,Number,759
County,Crockett,2019,Percent,0.233
County,Cumberland,2007,Percent,0.271
County,Cumberland,2008,Percent,0.26
County,Cumberland,2009,Percent,0.297
County,Cumberland,2007,Number,2854
County,Cumberland,2008,Number,2723
County,Cumberland,2009,Number,2984
County,Cumberland,2010,Number,3185
County,Cumberland,2010,Percent,0.304
County,Cumberland,2011,Number,3547
County,Cumberland,2011,Percent,0.34
County,Cumberland,2012,Number,3197
County,Cumberland,2012,Percent,0.308
County,Cumberland,2013,Number,3037
County,Cumberland,2013,Percent,0.291
County,Cumberland,2014,Number,3036
County,Cumberland,2014,Percent,0.292
County,Cumberland,2015,Number,2831
County,Cumberland,2015,Percent,0.275
County,Cumberland,2016,Number,2830
County,Cumberland,2016,Percent,0.273
County,Cumberland,2017,Number,2598
County,Cumberland,2017,Percent,0.251
County,Cumberland,2018,Number,2491
County,Cumberland,2018,Percent,0.244
County,Cumberland,2019,Number,2330
County,Cumberland,2019,Percent,0.229
County,Davidson,2007,Percent,0.242
County,Davidson,2008,Percent,0.257
County,Davidson,2009,Percent,0.257
County,Davidson,2007,Number,34502
County,Davidson,2008,Number,37555
County,Davidson,2009,Number,35539
County,Davidson,2010,Number,41068
County,Davidson,2010,Percent,0.307
County,Davidson,2011,Number,40203
County,Davidson,2011,Percent,0.294
County,Davidson,2012,Number,39877
County,Davidson,2012,Percent,0.286
County,Davidson,2013,Number,41195
County,Davidson,2013,Percent,0.294
County,Davidson,2014,Number,44502
County,Davidson,2014,Percent,0.315
County,Davidson,2015,Number,37866
County,Davidson,2015,Percent,0.265
County,Davidson,2016,Number,31873
County,Davidson,2016,Percent,0.222
County,Davidson,2017,Number,32290
County,Davidson,2017,Percent,0.225
County,Davidson,2018,Number,35887
County,Davidson,2018,Percent,0.254
County,Davidson,2019,Number,25243
County,Davidson,2019,Percent,0.181
County,Decatur,2007,Percent,0.272
County,Decatur,2008,Percent,0.268
County,Decatur,2009,Percent,0.29
County,Decatur,2007,Number,640
County,Decatur,2008,Number,628
County,Decatur,2009,Number,687
County,Decatur,2010,Number,764
County,Decatur,2010,Percent,0.309
County,Decatur,2011,Number,800
County,Decatur,2011,Percent,0.325
County,Decatur,2012,Number,692
County,Decatur,2012,Percent,0.285
County,Decatur,2013,Number,764
County,Decatur,2013,Percent,0.329
County,Decatur,2014,Number,634
County,Decatur,2014,Percent,0.277
County,Decatur,2015,Number,684
County,Decatur,2015,Percent,0.287
County,Decatur,2016,Number,663
County,Decatur,2016,Percent,0.269
County,Decatur,2017,Number,620
County,Decatur,2017,Percent,0.254
County,Decatur,2018,Number,588
County,Decatur,2018,Percent,0.243
County,Decatur,2019,Number,541
County,Decatur,2019,Percent,0.23
County,DeKalb,2007,Percent,0.23
County,DeKalb,2008,Percent,0.281
County,DeKalb,2009,Percent,0.287
County,DeKalb,2007,Number,954
County,DeKalb,2008,Number,1187
County,DeKalb,2009,Number,1244
County,DeKalb,2010,Number,1332
County,DeKalb,2010,Percent,0.319
County,DeKalb,2011,Number,1331
County,DeKalb,2011,Percent,0.319
County,DeKalb,2012,Number,1409
County,DeKalb,2012,Percent,0.343
County,DeKalb,2013,Number,1417
County,DeKalb,2013,Percent,0.336
County,DeKalb,2014,Number,1243
County,DeKalb,2014,Percent,0.294
County,DeKalb,2015,Number,1268
County,DeKalb,2015,Percent,0.309
County,DeKalb,2016,Number,1244
County,DeKalb,2016,Percent,0.301
County,DeKalb,2017,Number,1060
County,DeKalb,2017,Percent,0.252
County,DeKalb,2018,Number,1032
County,DeKalb,2018,Percent,0.244
County,DeKalb,2019,Number,1105
County,DeKalb,2019,Percent,0.26
County,Dickson,2007,Percent,0.184
County,Dickson,2008,Percent,0.192
County,Dickson,2009,Percent,0.208
County,Dickson,2007,Number,2172
County,Dickson,2008,Number,2280
County,Dickson,2009,Number,2482
County,Dickson,2010,Number,2781
County,Dickson,2010,Percent,0.226
County,Dickson,2011,Number,2726
County,Dickson,2011,Percent,0.224
County,Dickson,2012,Number,3139
County,Dickson,2012,Percent,0.259
County,Dickson,2013,Number,2654
County,Dickson,2013,Percent,0.226
County,Dickson,2014,Number,2469
County,Dickson,2014,Percent,0.211
County,Dickson,2015,Number,2783
County,Dickson,2015,Percent,0.233
County,Dickson,2016,Number,2407
County,Dickson,2016,Percent,0.2
County,Dickson,2017,Number,2103
County,Dickson,2017,Percent,0.172
County,Dickson,2018,Number,2459
County,Dickson,2018,Percent,0.202
County,Dickson,2019,Number,1672
County,Dickson,2019,Percent,0.138
County,Dyer,2007,Percent,0.248
County,Dyer,2008,Percent,0.245
County,Dyer,2009,Percent,0.304
County,Dyer,2007,Number,2265
County,Dyer,2008,Number,2215
County,Dyer,2009,Number,2813
County,Dyer,2010,Number,2838
County,Dyer,2010,Percent,0.304
County,Dyer,2011,Number,2803
County,Dyer,2011,Percent,0.303
County,Dyer,2012,Number,2558
County,Dyer,2012,Percent,0.278
County,Dyer,2013,Number,2599
County,Dyer,2013,Percent,0.286
County,Dyer,2014,Number,2537
County,Dyer,2014,Percent,0.284
County,Dyer,2015,Number,2812
County,Dyer,2015,Percent,0.313
County,Dyer,2016,Number,2509
County,Dyer,2016,Percent,0.282
County,Dyer,2017,Number,2201
County,Dyer,2017,Percent,0.25
County,Dyer,2018,Number,2265
County,Dyer,2018,Percent,0.26
County,Dyer,2019,Number,1944
County,Dyer,2019,Percent,0.226
County,Fayette,2007,Percent,0.199
County,Fayette,2008,Percent,0.176
County,Fayette,2009,Percent,0.183
County,Fayette,2007,Number,1768
County,Fayette,2008,Number,1601
County,Fayette,2009,Number,1601
County,Fayette,2010,Number,1710
County,Fayette,2010,Percent,0.197
County,Fayette,2011,Number,1821
County,Fayette,2011,Percent,0.214
County,Fayette,2012,Number,2103
County,Fayette,2012,Percent,0.249
County,Fayette,2013,Number,1701
County,Fayette,2013,Percent,0.21
County,Fayette,2014,Number,1683
County,Fayette,2014,Percent,0.212
County,Fayette,2015,Number,1670
County,Fayette,2015,Percent,0.215
County,Fayette,2016,Number,1697
County,Fayette,2016,Percent,0.219
County,Fayette,2017,Number,1587
County,Fayette,2017,Percent,0.207
County,Fayette,2018,Number,1563
County,Fayette,2018,Percent,0.209
County,Fayette,2019,Number,1233
County,Fayette,2019,Percent,0.167
County,Fentress,2007,Percent,0.365
County,Fentress,2008,Percent,0.332
County,Fentress,2009,Percent,0.372
County,Fentress,2007,Number,1427
County,Fentress,2008,Number,1300
County,Fentress,2009,Number,1485
County,Fentress,2010,Number,1535
County,Fentress,2010,Percent,0.379
County,Fentress,2011,Number,1552
County,Fentress,2011,Percent,0.385
County,Fentress,2012,Number,1578
County,Fentress,2012,Percent,0.402
County,Fentress,2013,Number,1440
County,Fentress,2013,Percent,0.37
County,Fentress,2014,Number,1443
County,Fentress,2014,Percent,0.377
County,Fentress,2015,Number,1382
County,Fentress,2015,Percent,0.363
County,Fentress,2016,Number,1273
County,Fentress,2016,Percent,0.338
County,Fentress,2017,Number,1177
County,Fentress,2017,Percent,0.312
County,Fentress,2018,Number,1123
County,Fentress,2018,Percent,0.3
County,Fentress,2019,Number,1047
County,Fentress,2019,Percent,0.284
County,Franklin,2007,Percent,0.183
County,Franklin,2008,Percent,0.23
County,Franklin,2009,Percent,0.226
County,Franklin,2007,Number,1597
County,Franklin,2008,Number,1976
County,Franklin,2009,Number,1957
County,Franklin,2010,Number,2126
County,Franklin,2010,Percent,0.242
County,Franklin,2011,Number,2237
County,Franklin,2011,Percent,0.258
County,Franklin,2012,Number,2186
County,Franklin,2012,Percent,0.258
County,Franklin,2013,Number,2173
County,Franklin,2013,Percent,0.254
County,Franklin,2014,Number,2035
County,Franklin,2014,Percent,0.238
County,Franklin,2015,Number,1822
County,Franklin,2015,Percent,0.217
County,Franklin,2016,Number,1733
County,Franklin,2016,Percent,0.206
County,Franklin,2017,Number,1687
County,Franklin,2017,Percent,0.203
County,Franklin,2018,Number,1764
County,Franklin,2018,Percent,0.214
County,Franklin,2019,Number,1489
County,Franklin,2019,Percent,0.182
County,Gibson,2007,Percent,0.252
County,Gibson,2008,Percent,0.224
County,Gibson,2009,Percent,0.239
County,Gibson,2007,Number,2776
County,Gibson,2008,Number,2518
County,Gibson,2009,Number,2821
County,Gibson,2010,Number,3317
County,Gibson,2010,Percent,0.272
County,Gibson,2011,Number,3236
County,Gibson,2011,Percent,0.265
County,Gibson,2012,Number,3303
County,Gibson,2012,Percent,0.273
County,Gibson,2013,Number,3246
County,Gibson,2013,Percent,0.272
County,Gibson,2014,Number,3197
County,Gibson,2014,Percent,0.27
County,Gibson,2015,Number,2768
County,Gibson,2015,Percent,0.234
County,Gibson,2016,Number,2711
County,Gibson,2016,Percent,0.228
County,Gibson,2017,Number,2560
County,Gibson,2017,Percent,0.215
County,Gibson,2018,Number,2676
County,Gibson,2018,Percent,0.228
County,Gibson,2019,Number,2102
County,Gibson,2019,Percent,0.181
County,Giles,2007,Percent,0.21
County,Giles,2008,Percent,0.241
County,Giles,2009,Percent,0.274
County,Giles,2007,Number,1329
County,Giles,2008,Number,1507
County,Giles,2009,Number,1772
County,Giles,2010,Number,1648
County,Giles,2010,Percent,0.261
County,Giles,2011,Number,1659
County,Giles,2011,Percent,0.263
County,Giles,2012,Number,1665
County,Giles,2012,Percent,0.271
County,Giles,2013,Number,1488
County,Giles,2013,Percent,0.249
County,Giles,2014,Number,1506
County,Giles,2014,Percent,0.254
County,Giles,2015,Number,1453
County,Giles,2015,Percent,0.243
County,Giles,2016,Number,1387
County,Giles,2016,Percent,0.23
County,Giles,2017,Number,1279
County,Giles,2017,Percent,0.211
County,Giles,2018,Number,1384
County,Giles,2018,Percent,0.227
County,Giles,2019,Number,1203
County,Giles,2019,Percent,0.201
County,Grainger,2007,Percent,0.265
County,Grainger,2008,Percent,0.276
County,Grainger,2009,Percent,0.273
County,Grainger,2007,Number,1295
County,Grainger,2008,Number,1359
County,Grainger,2009,Number,1367
County,Grainger,2010,Number,1548
County,Grainger,2010,Percent,0.313
County,Grainger,2011,Number,1587
County,Grainger,2011,Percent,0.323
County,Grainger,2012,Number,1468
County,Grainger,2012,Percent,0.303
County,Grainger,2013,Number,1372
County,Grainger,2013,Percent,0.291
County,Grainger,2014,Number,1483
County,Grainger,2014,Percent,0.314
County,Grainger,2015,Number,1302
County,Grainger,2015,Percent,0.279
County,Grainger,2016,Number,1408
County,Grainger,2016,Percent,0.301
County,Grainger,2017,Number,1204
County,Grainger,2017,Percent,0.257
County,Grainger,2018,Number,1159
County,Grainger,2018,Percent,0.252
County,Grainger,2019,Number,1134
County,Grainger,2019,Percent,0.25
County,Greene,2007,Percent,0.295
County,Greene,2008,Percent,0.239
County,Greene,2009,Percent,0.244
County,Greene,2007,Number,4098
County,Greene,2008,Number,3301
County,Greene,2009,Number,3387
County,Greene,2010,Number,4399
County,Greene,2010,Percent,0.311
County,Greene,2011,Number,5385
County,Greene,2011,Percent,0.378
County,Greene,2012,Number,4534
County,Greene,2012,Percent,0.324
County,Greene,2013,Number,4013
County,Greene,2013,Percent,0.298
County,Greene,2014,Number,3328
County,Greene,2014,Percent,0.249
County,Greene,2015,Number,3368
County,Greene,2015,Percent,0.252
County,Greene,2016,Number,3232
County,Greene,2016,Percent,0.245
County,Greene,2017,Number,3257
County,Greene,2017,Percent,0.246
County,Greene,2018,Number,3107
County,Greene,2018,Percent,0.239
County,Greene,2019,Number,3145
County,Greene,2019,Percent,0.243
County,Grundy,2007,Percent,0.41
County,Grundy,2008,Percent,0.396
County,Grundy,2009,Percent,0.397
County,Grundy,2007,Number,1381
County,Grundy,2008,Number,1326
County,Grundy,2009,Number,1321
County,Grundy,2010,Number,1329
County,Grundy,2010,Percent,0.428
County,Grundy,2011,Number,1355
County,Grundy,2011,Percent,0.447
County,Grundy,2012,Number,1176
County,Grundy,2012,Percent,0.39
County,Grundy,2013,Number,1120
County,Grundy,2013,Percent,0.383
County,Grundy,2014,Number,1057
County,Grundy,2014,Percent,0.372
County,Grundy,2015,Number,1035
County,Grundy,2015,Percent,0.366
County,Grundy,2016,Number,953
County,Grundy,2016,Percent,0.334
County,Grundy,2017,Number,892
County,Grundy,2017,Percent,0.311
County,Grundy,2018,Number,782
County,Grundy,2018,Percent,0.278
County,Grundy,2019,Number,796
County,Grundy,2019,Percent,0.285
County,Hamblen,2007,Percent,0.225
County,Hamblen,2008,Percent,0.248
County,Hamblen,2009,Percent,0.251
County,Hamblen,2007,Number,3198
County,Hamblen,2008,Number,3531
County,Hamblen,2009,Number,3685
County,Hamblen,2010,Number,4851
County,Hamblen,2010,Percent,0.337
County,Hamblen,2011,Number,4222
County,Hamblen,2011,Percent,0.29
County,Hamblen,2012,Number,4659
County,Hamblen,2012,Percent,0.323
County,Hamblen,2013,Number,4229
County,Hamblen,2013,Percent,0.291
County,Hamblen,2014,Number,4863
County,Hamblen,2014,Percent,0.337
County,Hamblen,2015,Number,3810
County,Hamblen,2015,Percent,0.263
County,Hamblen,2016,Number,3618
County,Hamblen,2016,Percent,0.249
County,Hamblen,2017,Number,3601
County,Hamblen,2017,Percent,0.247
County,Hamblen,2018,Number,3523
County,Hamblen,2018,Percent,0.242
County,Hamblen,2019,Number,3035
County,Hamblen,2019,Percent,0.209
County,Hamilton,2007,Percent,0.2
County,Hamilton,2008,Percent,0.205
County,Hamilton,2009,Percent,0.249
County,Hamilton,2007,Number,14514
County,Hamilton,2008,Number,14911
County,Hamilton,2009,Number,18098
County,Hamilton,2010,Number,17582
County,Hamilton,2010,Percent,0.247
County,Hamilton,2011,Number,20391
County,Hamilton,2011,Percent,0.283
County,Hamilton,2012,Number,16387
County,Hamilton,2012,Percent,0.225
County,Hamilton,2013,Number,18745
County,Hamilton,2013,Percent,0.258
County,Hamilton,2014,Number,16037
County,Hamilton,2014,Percent,0.22
County,Hamilton,2015,Number,15869
County,Hamilton,2015,Percent,0.217
County,Hamilton,2016,Number,14121
County,Hamilton,2016,Percent,0.191
County,Hamilton,2017,Number,12971
County,Hamilton,2017,Percent,0.175
County,Hamilton,2018,Number,13428
County,Hamilton,2018,Percent,0.181
County,Hamilton,2019,Number,13966
County,Hamilton,2019,Percent,0.188
County,Hancock,2007,Percent,0.445
County,Hancock,2008,Percent,0.441
County,Hancock,2009,Percent,0.439
County,Hancock,2007,Number,601
County,Hancock,2008,Number,587
County,Hancock,2009,Number,598
County,Hancock,2010,Number,672
County,Hancock,2010,Percent,0.452
County,Hancock,2011,Number,641
County,Hancock,2011,Percent,0.453
County,Hancock,2012,Number,638
County,Hancock,2012,Percent,0.455
County,Hancock,2013,Number,611
County,Hancock,2013,Percent,0.452
County,Hancock,2014,Number,597
County,Hancock,2014,Percent,0.428
County,Hancock,2015,Number,600
County,Hancock,2015,Percent,0.443
County,Hancock,2016,Number,574
County,Hancock,2016,Percent,0.426
County,Hancock,2017,Number,572
County,Hancock,2017,Percent,0.416
County,Hancock,2018,Number,552
County,Hancock,2018,Percent,0.411
County,Hancock,2019,Number,487
County,Hancock,2019,Percent,0.358
County,Hardeman,2007,Percent,0.264
County,Hardeman,2008,Percent,0.274
County,Hardeman,2009,Percent,0.265
County,Hardeman,2007,Number,1530
County,Hardeman,2008,Number,1571
County,Hardeman,2009,Number,1542
County,Hardeman,2010,Number,1930
County,Hardeman,2010,Percent,0.343
County,Hardeman,2011,Number,1703
County,Hardeman,2011,Percent,0.312
County,Hardeman,2012,Number,1865
County,Hardeman,2012,Percent,0.352
County,Hardeman,2013,Number,1682
County,Hardeman,2013,Percent,0.324
County,Hardeman,2014,Number,1658
County,Hardeman,2014,Percent,0.326
County,Hardeman,2015,Number,1560
County,Hardeman,2015,Percent,0.311
County,Hardeman,2016,Number,1543
County,Hardeman,2016,Percent,0.313
County,Hardeman,2017,Number,1486
County,Hardeman,2017,Percent,0.301
County,Hardeman,2018,Number,1393
County,Hardeman,2018,Percent,0.288
County,Hardeman,2019,Number,1123
County,Hardeman,2019,Percent,0.241
County,Hardin,2007,Percent,0.339
County,Hardin,2008,Percent,0.307
County,Hardin,2009,Percent,0.323
County,Hardin,2007,Number,1883
County,Hardin,2008,Number,1710
County,Hardin,2009,Number,1804
County,Hardin,2010,Number,2035
County,Hardin,2010,Percent,0.368
County,Hardin,2011,Number,2140
County,Hardin,2011,Percent,0.398
County,Hardin,2012,Number,1765
County,Hardin,2012,Percent,0.328
County,Hardin,2013,Number,1937
County,Hardin,2013,Percent,0.361
County,Hardin,2014,Number,1600
County,Hardin,2014,Percent,0.303
County,Hardin,2015,Number,1691
County,Hardin,2015,Percent,0.319
County,Hardin,2016,Number,1645
County,Hardin,2016,Percent,0.317
County,Hardin,2017,Number,1488
County,Hardin,2017,Percent,0.284
County,Hardin,2018,Number,1527
County,Hardin,2018,Percent,0.293
County,Hardin,2019,Number,1333
County,Hardin,2019,Percent,0.26
County,Hawkins,2007,Percent,0.239
County,Hawkins,2008,Percent,0.273
County,Hawkins,2009,Percent,0.272
County,Hawkins,2007,Number,2957
County,Hawkins,2008,Number,3364
County,Hawkins,2009,Number,3363
County,Hawkins,2010,Number,3750
County,Hawkins,2010,Percent,0.302
County,Hawkins,2011,Number,3476
County,Hawkins,2011,Percent,0.285
County,Hawkins,2012,Number,3192
County,Hawkins,2012,Percent,0.266
County,Hawkins,2013,Number,3714
County,Hawkins,2013,Percent,0.313
County,Hawkins,2014,Number,3239
County,Hawkins,2014,Percent,0.276
County,Hawkins,2015,Number,3506
County,Hawkins,2015,Percent,0.306
County,Hawkins,2016,Number,3090
County,Hawkins,2016,Percent,0.27
County,Hawkins,2017,Number,2926
County,Hawkins,2017,Percent,0.26
County,Hawkins,2018,Number,3042
County,Hawkins,2018,Percent,0.276
County,Hawkins,2019,Number,3264
County,Hawkins,2019,Percent,0.301
County,Haywood,2007,Percent,0.288
County,Haywood,2008,Percent,0.283
County,Haywood,2009,Percent,0.313
County,Haywood,2007,Number,1380
County,Haywood,2008,Number,1335
County,Haywood,2009,Number,1514
County,Haywood,2010,Number,1618
County,Haywood,2010,Percent,0.342
County,Haywood,2011,Number,1582
County,Haywood,2011,Percent,0.347
County,Haywood,2012,Number,1423
County,Haywood,2012,Percent,0.325
County,Haywood,2013,Number,1504
County,Haywood,2013,Percent,0.351
County,Haywood,2014,Number,1469
County,Haywood,2014,Percent,0.345
County,Haywood,2015,Number,1378
County,Haywood,2015,Percent,0.331
County,Haywood,2016,Number,1286
County,Haywood,2016,Percent,0.319
County,Haywood,2017,Number,1209
County,Haywood,2017,Percent,0.308
County,Haywood,2018,Number,1169
County,Haywood,2018,Percent,0.308
County,Haywood,2019,Number,1094
County,Haywood,2019,Percent,0.29
County,Henderson,2007,Percent,0.215
County,Henderson,2008,Percent,0.208
County,Henderson,2009,Percent,0.237
County,Henderson,2007,Number,1371
County,Henderson,2008,Number,1327
County,Henderson,2009,Number,1522
County,Henderson,2010,Number,1708
County,Henderson,2010,Percent,0.257
County,Henderson,2011,Number,1695
County,Henderson,2011,Percent,0.256
County,Henderson,2012,Number,1780
County,Henderson,2012,Percent,0.27
County,Henderson,2013,Number,1802
County,Henderson,2013,Percent,0.276
County,Henderson,2014,Number,1768
County,Henderson,2014,Percent,0.274
County,Henderson,2015,Number,1605
County,Henderson,2015,Percent,0.25
County,Henderson,2016,Number,1518
County,Henderson,2016,Percent,0.24
County,Henderson,2017,Number,1341
County,Henderson,2017,Percent,0.214
County,Henderson,2018,Number,1445
County,Henderson,2018,Percent,0.232
County,Henderson,2019,Number,1359
County,Henderson,2019,Percent,0.219
County,Henry,2007,Percent,0.247
County,Henry,2008,Percent,0.263
County,Henry,2009,Percent,0.303
County,Henry,2007,Number,1630
County,Henry,2008,Number,1722
County,Henry,2009,Number,2006
County,Henry,2010,Number,2189
County,Henry,2010,Percent,0.319
County,Henry,2011,Number,2047
County,Henry,2011,Percent,0.3
County,Henry,2012,Number,2052
County,Henry,2012,Percent,0.306
County,Henry,2013,Number,2169
County,Henry,2013,Percent,0.329
County,Henry,2014,Number,2029
County,Henry,2014,Percent,0.307
County,Henry,2015,Number,2015
County,Henry,2015,Percent,0.308
County,Henry,2016,Number,1939
County,Henry,2016,Percent,0.297
County,Henry,2017,Number,1906
County,Henry,2017,Percent,0.288
County,Henry,2018,Number,1907
County,Henry,2018,Percent,0.294
County,Henry,2019,Number,1795
County,Henry,2019,Percent,0.28
County,Hickman,2007,Percent,0.254
County,Hickman,2008,Percent,0.25
County,Hickman,2009,Percent,0.278
County,Hickman,2007,Number,1353
County,Hickman,2008,Number,1321
County,Hickman,2009,Number,1488
County,Hickman,2010,Number,1696
County,Hickman,2010,Percent,0.313
County,Hickman,2011,Number,1592
County,Hickman,2011,Percent,0.305
County,Hickman,2012,Number,1650
County,Hickman,2012,Percent,0.324
County,Hickman,2013,Number,1716
County,Hickman,2013,Percent,0.332
County,Hickman,2014,Number,1521
County,Hickman,2014,Percent,0.293
County,Hickman,2015,Number,1515
County,Hickman,2015,Percent,0.293
County,Hickman,2016,Number,1474
County,Hickman,2016,Percent,0.283
County,Hickman,2017,Number,1228
County,Hickman,2017,Percent,0.238
County,Hickman,2018,Number,1225
County,Hickman,2018,Percent,0.242
County,Hickman,2019,Number,1127
County,Hickman,2019,Percent,0.224
County,Houston,2007,Percent,0.268
County,Houston,2008,Percent,0.271
County,Houston,2009,Percent,0.275
County,Houston,2007,Number,496
County,Houston,2008,Number,512
County,Houston,2009,Number,542
County,Houston,2010,Number,574
County,Houston,2010,Percent,0.293
County,Houston,2011,Number,584
County,Houston,2011,Percent,0.304
County,Houston,2012,Number,605
County,Houston,2012,Percent,0.317
County,Houston,2013,Number,555
County,Houston,2013,Percent,0.308
County,Houston,2014,Number,489
County,Houston,2014,Percent,0.274
County,Houston,2015,Number,525
County,Houston,2015,Percent,0.299
County,Houston,2016,Number,462
County,Houston,2016,Percent,0.265
County,Houston,2017,Number,442
County,Houston,2017,Percent,0.249
County,Houston,2018,Number,447
County,Houston,2018,Percent,0.252
County,Houston,2019,Number,421
County,Houston,2019,Percent,0.248
County,Humphreys,2007,Percent,0.212
County,Humphreys,2008,Percent,0.204
County,Humphreys,2009,Percent,0.238
County,Humphreys,2007,Number,855
County,Humphreys,2008,Number,816
County,Humphreys,2009,Number,984
County,Humphreys,2010,Number,1146
County,Humphreys,2010,Percent,0.278
County,Humphreys,2011,Number,1087
County,Humphreys,2011,Percent,0.266
County,Humphreys,2012,Number,1026
County,Humphreys,2012,Percent,0.256
County,Humphreys,2013,Number,1048
County,Humphreys,2013,Percent,0.272
County,Humphreys,2014,Number,1005
County,Humphreys,2014,Percent,0.263
County,Humphreys,2015,Number,958
County,Humphreys,2015,Percent,0.252
County,Humphreys,2016,Number,1052
County,Humphreys,2016,Percent,0.273
County,Humphreys,2017,Number,806
County,Humphreys,2017,Percent,0.208
County,Humphreys,2018,Number,772
County,Humphreys,2018,Percent,0.203
County,Humphreys,2019,Number,788
County,Humphreys,2019,Percent,0.207
County,Jackson,2007,Percent,0.306
County,Jackson,2008,Percent,0.3
County,Jackson,2009,Percent,0.321
County,Jackson,2007,Number,668
County,Jackson,2008,Number,653
County,Jackson,2009,Number,666
County,Jackson,2010,Number,782
County,Jackson,2010,Percent,0.337
County,Jackson,2011,Number,823
County,Jackson,2011,Percent,0.373
County,Jackson,2012,Number,767
County,Jackson,2012,Percent,0.352
County,Jackson,2013,Number,872
County,Jackson,2013,Percent,0.399
County,Jackson,2014,Number,757
County,Jackson,2014,Percent,0.351
County,Jackson,2015,Number,716
County,Jackson,2015,Percent,0.342
County,Jackson,2016,Number,655
County,Jackson,2016,Percent,0.315
County,Jackson,2017,Number,562
County,Jackson,2017,Percent,0.271
County,Jackson,2018,Number,610
County,Jackson,2018,Percent,0.296
County,Jackson,2019,Number,484
County,Jackson,2019,Percent,0.238
County,Jefferson,2007,Percent,0.247
County,Jefferson,2008,Percent,0.234
County,Jefferson,2009,Percent,0.283
County,Jefferson,2007,Number,2676
County,Jefferson,2008,Number,2572
County,Jefferson,2009,Number,3121
County,Jefferson,2010,Number,2762
County,Jefferson,2010,Percent,0.25
County,Jefferson,2011,Number,3123
County,Jefferson,2011,Percent,0.285
County,Jefferson,2012,Number,2992
County,Jefferson,2012,Percent,0.273
County,Jefferson,2013,Number,2841
County,Jefferson,2013,Percent,0.265
County,Jefferson,2014,Number,2729
County,Jefferson,2014,Percent,0.256
County,Jefferson,2015,Number,2719
County,Jefferson,2015,Percent,0.256
County,Jefferson,2016,Number,2491
County,Jefferson,2016,Percent,0.237
County,Jefferson,2017,Number,2143
County,Jefferson,2017,Percent,0.205
County,Jefferson,2018,Number,2153
County,Jefferson,2018,Percent,0.209
County,Jefferson,2019,Number,1951
County,Jefferson,2019,Percent,0.193
County,Johnson,2007,Percent,0.325
County,Johnson,2008,Percent,0.36
County,Johnson,2009,Percent,0.417
County,Johnson,2007,Number,1030
County,Johnson,2008,Number,1134
County,Johnson,2009,Number,1323
County,Johnson,2010,Number,1213
County,Johnson,2010,Percent,0.373
County,Johnson,2011,Number,1183
County,Johnson,2011,Percent,0.37
County,Johnson,2012,Number,1186
County,Johnson,2012,Percent,0.375
County,Johnson,2013,Number,1172
County,Johnson,2013,Percent,0.383
County,Johnson,2014,Number,1065
County,Johnson,2014,Percent,0.353
County,Johnson,2015,Number,1041
County,Johnson,2015,Percent,0.349
County,Johnson,2016,Number,986
County,Johnson,2016,Percent,0.334
County,Johnson,2017,Number,942
County,Johnson,2017,Percent,0.328
County,Johnson,2018,Number,801
County,Johnson,2018,Percent,0.279
County,Johnson,2019,Number,1028
County,Johnson,2019,Percent,0.356
County,Knox,2007,Percent,0.159
County,Knox,2008,Percent,0.175
County,Knox,2009,Percent,0.186
County,Knox,2007,Number,14695
County,Knox,2008,Number,16410
County,Knox,2009,Number,17379
County,Knox,2010,Number,15836
County,Knox,2010,Percent,0.17
County,Knox,2011,Number,18599
County,Knox,2011,Percent,0.2
County,Knox,2012,Number,19243
County,Knox,2012,Percent,0.206
County,Knox,2013,Number,19166
County,Knox,2013,Percent,0.203
County,Knox,2014,Number,21861
County,Knox,2014,Percent,0.23
County,Knox,2015,Number,18768
County,Knox,2015,Percent,0.198
County,Knox,2016,Number,16479
County,Knox,2016,Percent,0.173
County,Knox,2017,Number,16462
County,Knox,2017,Percent,0.171
County,Knox,2018,Number,14622
County,Knox,2018,Percent,0.152
County,Knox,2019,Number,15171
County,Knox,2019,Percent,0.157
County,Lake,2007,Percent,0.412
County,Lake,2008,Percent,0.393
County,Lake,2009,Percent,0.428
County,Lake,2007,Number,480
County,Lake,2008,Number,457
County,Lake,2009,Number,491
County,Lake,2010,Number,579
County,Lake,2010,Percent,0.468
County,Lake,2011,Number,597
County,Lake,2011,Percent,0.475
County,Lake,2012,Number,561
County,Lake,2012,Percent,0.456
County,Lake,2013,Number,542
County,Lake,2013,Percent,0.449
County,Lake,2014,Number,498
County,Lake,2014,Percent,0.44
County,Lake,2015,Number,521
County,Lake,2015,Percent,0.479
County,Lake,2016,Number,520
County,Lake,2016,Percent,0.491
County,Lake,2017,Number,482
County,Lake,2017,Percent,0.463
County,Lake,2018,Number,410
County,Lake,2018,Percent,0.412
County,Lake,2019,Number,380
County,Lake,2019,Percent,0.4
County,Lauderdale,2007,Percent,0.385
County,Lauderdale,2008,Percent,0.285
County,Lauderdale,2009,Percent,0.296
County,Lauderdale,2007,Number,2424
County,Lauderdale,2008,Number,1791
County,Lauderdale,2009,Number,1867
County,Lauderdale,2010,Number,2139
County,Lauderdale,2010,Percent,0.323
County,Lauderdale,2011,Number,2550
County,Lauderdale,2011,Percent,0.391
County,Lauderdale,2012,Number,2574
County,Lauderdale,2012,Percent,0.394
County,Lauderdale,2013,Number,2311
County,Lauderdale,2013,Percent,0.361
County,Lauderdale,2014,Number,1980
County,Lauderdale,2014,Percent,0.317
County,Lauderdale,2015,Number,2139
County,Lauderdale,2015,Percent,0.351
County,Lauderdale,2016,Number,2064
County,Lauderdale,2016,Percent,0.345
County,Lauderdale,2017,Number,1664
County,Lauderdale,2017,Percent,0.28
County,Lauderdale,2018,Number,1984
County,Lauderdale,2018,Percent,0.346
County,Lauderdale,2019,Number,1379
County,Lauderdale,2019,Percent,0.248
County,Lawrence,2007,Percent,0.228
County,Lawrence,2008,Percent,0.228
County,Lawrence,2009,Percent,0.266
County,Lawrence,2007,Number,2288
County,Lawrence,2008,Number,2280
County,Lawrence,2009,Number,2714
County,Lawrence,2010,Number,2843
County,Lawrence,2010,Percent,0.275
County,Lawrence,2011,Number,2800
County,Lawrence,2011,Percent,0.271
County,Lawrence,2012,Number,2940
County,Lawrence,2012,Percent,0.286
County,Lawrence,2013,Number,2809
County,Lawrence,2013,Percent,0.274
County,Lawrence,2014,Number,3022
County,Lawrence,2014,Percent,0.292
County,Lawrence,2015,Number,3010
County,Lawrence,2015,Percent,0.287
County,Lawrence,2016,Number,2389
County,Lawrence,2016,Percent,0.225
County,Lawrence,2017,Number,2349
County,Lawrence,2017,Percent,0.219
County,Lawrence,2018,Number,2641
County,Lawrence,2018,Percent,0.247
County,Lawrence,2019,Number,2431
County,Lawrence,2019,Percent,0.226
County,Lewis,2007,Percent,0.258
County,Lewis,2008,Percent,0.285
County,Lewis,2009,Percent,0.322
County,Lewis,2007,Number,694
County,Lewis,2008,Number,769
County,Lewis,2009,Number,870
County,Lewis,2010,Number,923
County,Lewis,2010,Percent,0.324
County,Lewis,2011,Number,931
County,Lewis,2011,Percent,0.327
County,Lewis,2012,Number,870
County,Lewis,2012,Percent,0.321
County,Lewis,2013,Number,822
County,Lewis,2013,Percent,0.312
County,Lewis,2014,Number,828
County,Lewis,2014,Percent,0.318
County,Lewis,2015,Number,751
County,Lewis,2015,Percent,0.297
County,Lewis,2016,Number,751
County,Lewis,2016,Percent,0.291
County,Lewis,2017,Number,613
County,Lewis,2017,Percent,0.241
County,Lewis,2018,Number,634
County,Lewis,2018,Percent,0.248
County,Lewis,2019,Number,601
County,Lewis,2019,Percent,0.228
County,Lincoln,2007,Percent,0.204
County,Lincoln,2008,Percent,0.216
County,Lincoln,2009,Percent,0.227
County,Lincoln,2007,Number,1494
County,Lincoln,2008,Number,1605
County,Lincoln,2009,Number,1726
County,Lincoln,2010,Number,1986
County,Lincoln,2010,Percent,0.259
County,Lincoln,2011,Number,1915
County,Lincoln,2011,Percent,0.251
County,Lincoln,2012,Number,1760
County,Lincoln,2012,Percent,0.234
County,Lincoln,2013,Number,2026
County,Lincoln,2013,Percent,0.267
County,Lincoln,2014,Number,1666
County,Lincoln,2014,Percent,0.224
County,Lincoln,2015,Number,1888
County,Lincoln,2015,Percent,0.253
County,Lincoln,2016,Number,1691
County,Lincoln,2016,Percent,0.23
County,Lincoln,2017,Number,1423
County,Lincoln,2017,Percent,0.193
County,Lincoln,2018,Number,1366
County,Lincoln,2018,Percent,0.184
County,Lincoln,2019,Number,1392
County,Lincoln,2019,Percent,0.186
County,Loudon,2007,Percent,0.176
County,Loudon,2008,Percent,0.186
County,Loudon,2009,Percent,0.227
County,Loudon,2007,Number,1688
County,Loudon,2008,Number,1814
County,Loudon,2009,Number,2166
County,Loudon,2010,Number,2287
County,Loudon,2010,Percent,0.236
County,Loudon,2011,Number,2335
County,Loudon,2011,Percent,0.241
County,Loudon,2012,Number,2151
County,Loudon,2012,Percent,0.221
County,Loudon,2013,Number,2469
County,Loudon,2013,Percent,0.248
County,Loudon,2014,Number,2175
County,Loudon,2014,Percent,0.22
County,Loudon,2015,Number,2195
County,Loudon,2015,Percent,0.22
County,Loudon,2016,Number,1828
County,Loudon,2016,Percent,0.185
County,Loudon,2017,Number,1929
County,Loudon,2017,Percent,0.192
County,Loudon,2018,Number,1614
County,Loudon,2018,Percent,0.16
County,Loudon,2019,Number,1431
County,Loudon,2019,Percent,0.142
County,Macon,2007,Percent,0.261
County,Macon,2008,Percent,0.262
County,Macon,2009,Percent,0.319
County,Macon,2007,Number,1342
County,Macon,2008,Number,1365
County,Macon,2009,Number,1703
County,Macon,2010,Number,1988
County,Macon,2010,Percent,0.365
County,Macon,2011,Number,1839
County,Macon,2011,Percent,0.334
County,Macon,2012,Number,1743
County,Macon,2012,Percent,0.318
County,Macon,2013,Number,1788
County,Macon,2013,Percent,0.326
County,Macon,2014,Number,1624
County,Macon,2014,Percent,0.294
County,Macon,2015,Number,1672
County,Macon,2015,Percent,0.3
County,Macon,2016,Number,1420
County,Macon,2016,Percent,0.252
County,Macon,2017,Number,1504
County,Macon,2017,Percent,0.258
County,Macon,2018,Number,1517
County,Macon,2018,Percent,0.26
County,Macon,2019,Number,1206
County,Macon,2019,Percent,0.206
County,Madison,2007,Percent,0.243
County,Madison,2008,Percent,0.224
County,Madison,2009,Percent,0.273
County,Madison,2007,Number,5833
County,Madison,2008,Number,5299
County,Madison,2009,Number,6473
County,Madison,2010,Number,6940
County,Madison,2010,Percent,0.299
County,Madison,2011,Number,7317
County,Madison,2011,Percent,0.319
County,Madison,2012,Number,6085
County,Madison,2012,Percent,0.266
County,Madison,2013,Number,6854
County,Madison,2013,Percent,0.304
County,Madison,2014,Number,6497
County,Madison,2014,Percent,0.292
County,Madison,2015,Number,6352
County,Madison,2015,Percent,0.288
County,Madison,2016,Number,5900
County,Madison,2016,Percent,0.269
County,Madison,2017,Number,5323
County,Madison,2017,Percent,0.246
County,Madison,2018,Number,6200
County,Madison,2018,Percent,0.289
County,Madison,2019,Number,6174
County,Madison,2019,Percent,0.289
County,Marion,2007,Percent,0.219
County,Marion,2008,Percent,0.237
County,Marion,2009,Percent,0.27
County,Marion,2007,Number,1347
County,Marion,2008,Number,1451
County,Marion,2009,Number,1681
County,Marion,2010,Number,2008
County,Marion,2010,Percent,0.332
County,Marion,2011,Number,1724
County,Marion,2011,Percent,0.288
County,Marion,2012,Number,1667
County,Marion,2012,Percent,0.279
County,Marion,2013,Number,1586
County,Marion,2013,Percent,0.264
County,Marion,2014,Number,1831
County,Marion,2014,Percent,0.308
County,Marion,2015,Number,1713
County,Marion,2015,Percent,0.285
County,Marion,2016,Number,1549
County,Marion,2016,Percent,0.262
County,Marion,2017,Number,1406
County,Marion,2017,Percent,0.236
County,Marion,2018,Number,1385
County,Marion,2018,Percent,0.235
County,Marion,2019,Number,1296
County,Marion,2019,Percent,0.218
County,Marshall,2007,Percent,0.186
County,Marshall,2008,Percent,0.221
County,Marshall,2009,Percent,0.216
County,Marshall,2007,Number,1288
County,Marshall,2008,Number,1556
County,Marshall,2009,Number,1552
County,Marshall,2010,Number,1727
County,Marshall,2010,Percent,0.234
County,Marshall,2011,Number,1770
County,Marshall,2011,Percent,0.242
County,Marshall,2012,Number,1820
County,Marshall,2012,Percent,0.252
County,Marshall,2013,Number,1699
County,Marshall,2013,Percent,0.232
County,Marshall,2014,Number,1597
County,Marshall,2014,Percent,0.22
County,Marshall,2015,Number,1499
County,Marshall,2015,Percent,0.205
County,Marshall,2016,Number,1383
County,Marshall,2016,Percent,0.188
County,Marshall,2017,Number,1197
County,Marshall,2017,Percent,0.158
County,Marshall,2018,Number,1535
County,Marshall,2018,Percent,0.199
County,Marshall,2019,Number,1562
County,Marshall,2019,Percent,0.202
County,Maury,2007,Percent,0.168
County,Maury,2008,Percent,0.187
County,Maury,2009,Percent,0.215
County,Maury,2007,Number,3238
County,Maury,2008,Number,3658
County,Maury,2009,Number,4261
County,Maury,2010,Number,3981
County,Maury,2010,Percent,0.207
County,Maury,2011,Number,4844
County,Maury,2011,Percent,0.252
County,Maury,2012,Number,5016
County,Maury,2012,Percent,0.26
County,Maury,2013,Number,4263
County,Maury,2013,Percent,0.219
County,Maury,2014,Number,4422
County,Maury,2014,Percent,0.224
County,Maury,2015,Number,3918
County,Maury,2015,Percent,0.194
County,Maury,2016,Number,3609
County,Maury,2016,Percent,0.175
County,Maury,2017,Number,3294
County,Maury,2017,Percent,0.155
County,Maury,2018,Number,3276
County,Maury,2018,Percent,0.152
County,Maury,2019,Number,2889
County,Maury,2019,Percent,0.132
County,McMinn,2007,Percent,0.236
County,McMinn,2008,Percent,0.238
County,McMinn,2009,Percent,0.246
County,McMinn,2007,Number,2762
County,McMinn,2008,Number,2778
County,McMinn,2009,Number,2934
County,McMinn,2010,Number,3263
County,McMinn,2010,Percent,0.283
County,McMinn,2011,Number,3139
County,McMinn,2011,Percent,0.275
County,McMinn,2012,Number,3318
County,McMinn,2012,Percent,0.291
County,McMinn,2013,Number,2750
County,McMinn,2013,Percent,0.246
County,McMinn,2014,Number,2820
County,McMinn,2014,Percent,0.252
County,McMinn,2015,Number,3516
County,McMinn,2015,Percent,0.316
County,McMinn,2016,Number,2512
County,McMinn,2016,Percent,0.226
County,McMinn,2017,Number,3150
County,McMinn,2017,Percent,0.284
County,McMinn,2018,Number,2413
County,McMinn,2018,Percent,0.218
County,McMinn,2019,Number,2240
County,McMinn,2019,Percent,0.201
County,McNairy,2007,Percent,0.262
County,McNairy,2008,Percent,0.256
County,McNairy,2009,Percent,0.311
County,McNairy,2007,Number,1541
County,McNairy,2008,Number,1491
County,McNairy,2009,Number,1830
County,McNairy,2010,Number,1810
County,McNairy,2010,Percent,0.303
County,McNairy,2011,Number,1881
County,McNairy,2011,Percent,0.32
County,McNairy,2012,Number,1757
County,McNairy,2012,Percent,0.3
County,McNairy,2013,Number,1667
County,McNairy,2013,Percent,0.287
County,McNairy,2014,Number,1682
County,McNairy,2014,Percent,0.289
County,McNairy,2015,Number,1568
County,McNairy,2015,Percent,0.276
County,McNairy,2016,Number,1801
County,McNairy,2016,Percent,0.322
County,McNairy,2017,Number,1321
County,McNairy,2017,Percent,0.235
County,McNairy,2018,Number,1225
County,McNairy,2018,Percent,0.223
County,McNairy,2019,Number,1309
County,McNairy,2019,Percent,0.243
County,Meigs,2007,Percent,0.324
County,Meigs,2008,Percent,0.315
County,Meigs,2009,Percent,0.33
County,Meigs,2007,Number,866
County,Meigs,2008,Number,844
County,Meigs,2009,Number,920
County,Meigs,2010,Number,919
County,Meigs,2010,Percent,0.373
County,Meigs,2011,Number,802
County,Meigs,2011,Percent,0.332
County,Meigs,2012,Number,740
County,Meigs,2012,Percent,0.306
County,Meigs,2013,Number,718
County,Meigs,2013,Percent,0.308
County,Meigs,2014,Number,675
County,Meigs,2014,Percent,0.287
County,Meigs,2015,Number,729
County,Meigs,2015,Percent,0.302
County,Meigs,2016,Number,681
County,Meigs,2016,Percent,0.274
County,Meigs,2017,Number,655
County,Meigs,2017,Percent,0.265
County,Meigs,2018,Number,655
County,Meigs,2018,Percent,0.266
County,Meigs,2019,Number,598
County,Meigs,2019,Percent,0.247
County,Monroe,2007,Percent,0.25
County,Monroe,2008,Percent,0.246
County,Monroe,2009,Percent,0.288
County,Monroe,2007,Number,2613
County,Monroe,2008,Number,2603
County,Monroe,2009,Number,2947
County,Monroe,2010,Number,3095
County,Monroe,2010,Percent,0.31
County,Monroe,2011,Number,3398
County,Monroe,2011,Percent,0.34
County,Monroe,2012,Number,2650
County,Monroe,2012,Percent,0.269
County,Monroe,2013,Number,2884
County,Monroe,2013,Percent,0.297
County,Monroe,2014,Number,2878
County,Monroe,2014,Percent,0.3
County,Monroe,2015,Number,2847
County,Monroe,2015,Percent,0.289
County,Monroe,2016,Number,2562
County,Monroe,2016,Percent,0.261
County,Monroe,2017,Number,2614
County,Monroe,2017,Percent,0.266
County,Monroe,2018,Number,2201
County,Monroe,2018,Percent,0.23
County,Monroe,2019,Number,2597
County,Monroe,2019,Percent,0.273
County,Montgomery,2007,Percent,0.162
County,Montgomery,2008,Percent,0.186
County,Montgomery,2009,Percent,0.164
County,Montgomery,2007,Number,7071
County,Montgomery,2008,Number,8075
County,Montgomery,2009,Number,7065
County,Montgomery,2010,Number,10228
County,Montgomery,2010,Percent,0.215
County,Montgomery,2011,Number,11488
County,Montgomery,2011,Percent,0.238
County,Montgomery,2012,Number,12946
County,Montgomery,2012,Percent,0.263
County,Montgomery,2013,Number,10547
County,Montgomery,2013,Percent,0.214
County,Montgomery,2014,Number,8804
County,Montgomery,2014,Percent,0.173
County,Montgomery,2015,Number,9442
County,Montgomery,2015,Percent,0.184
County,Montgomery,2016,Number,8742
County,Montgomery,2016,Percent,0.169
County,Montgomery,2017,Number,8584
County,Montgomery,2017,Percent,0.162
County,Montgomery,2018,Number,8972
County,Montgomery,2018,Percent,0.166
County,Montgomery,2019,Number,8983
County,Montgomery,2019,Percent,0.164
County,Moore,2007,Percent,0.177
County,Moore,2008,Percent,0.175
County,Moore,2009,Percent,0.221
County,Moore,2007,Number,219
County,Moore,2008,Number,212
County,Moore,2009,Number,279
County,Moore,2010,Number,294
County,Moore,2010,Percent,0.214
County,Moore,2011,Number,311
County,Moore,2011,Percent,0.226
County,Moore,2012,Number,293
County,Moore,2012,Percent,0.221
County,Moore,2013,Number,283
County,Moore,2013,Percent,0.219
County,Moore,2014,Number,257
County,Moore,2014,Percent,0.206
County,Moore,2015,Number,235
County,Moore,2015,Percent,0.188
County,Moore,2016,Number,216
County,Moore,2016,Percent,0.177
County,Moore,2017,Number,190
County,Moore,2017,Percent,0.156
County,Moore,2018,Number,168
County,Moore,2018,Percent,0.141
County,Moore,2019,Number,178
County,Moore,2019,Percent,0.145
County,Morgan,2007,Percent,0.29
County,Morgan,2008,Percent,0.274
County,Morgan,2009,Percent,0.289
County,Morgan,2007,Number,1222
County,Morgan,2008,Number,1152
County,Morgan,2009,Number,1248
County,Morgan,2010,Number,1302
County,Morgan,2010,Percent,0.289
County,Morgan,2011,Number,1328
County,Morgan,2011,Percent,0.302
County,Morgan,2012,Number,1370
County,Morgan,2012,Percent,0.316
County,Morgan,2013,Number,1397
County,Morgan,2013,Percent,0.331
County,Morgan,2014,Number,1210
County,Morgan,2014,Percent,0.29
County,Morgan,2015,Number,1225
County,Morgan,2015,Percent,0.294
County,Morgan,2016,Number,1199
County,Morgan,2016,Percent,0.286
County,Morgan,2017,Number,1025
County,Morgan,2017,Percent,0.248
County,Morgan,2018,Number,1088
County,Morgan,2018,Percent,0.269
County,Morgan,2019,Number,1076
County,Morgan,2019,Percent,0.274
County,Obion,2007,Percent,0.233
County,Obion,2008,Percent,0.225
County,Obion,2009,Percent,0.248
County,Obion,2007,Number,1640
County,Obion,2008,Number,1547
County,Obion,2009,Number,1747
County,Obion,2010,Number,1877
County,Obion,2010,Percent,0.263
County,Obion,2011,Number,2007
County,Obion,2011,Percent,0.284
County,Obion,2012,Number,2042
County,Obion,2012,Percent,0.293
County,Obion,2013,Number,1961
County,Obion,2013,Percent,0.287
County,Obion,2014,Number,2139
County,Obion,2014,Percent,0.316
County,Obion,2015,Number,1807
County,Obion,2015,Percent,0.273
County,Obion,2016,Number,1817
County,Obion,2016,Percent,0.276
County,Obion,2017,Number,1937
County,Obion,2017,Percent,0.294
County,Obion,2018,Number,1656
County,Obion,2018,Percent,0.256
County,Obion,2019,Number,1478
County,Obion,2019,Percent,0.232
County,Overton,2007,Percent,0.262
County,Overton,2008,Percent,0.262
County,Overton,2009,Percent,0.301
County,Overton,2007,Number,1189
County,Overton,2008,Number,1188
County,Overton,2009,Number,1396
County,Overton,2010,Number,1535
County,Overton,2010,Percent,0.306
County,Overton,2011,Number,1699
County,Overton,2011,Percent,0.337
County,Overton,2012,Number,1493
County,Overton,2012,Percent,0.298
County,Overton,2013,Number,1443
County,Overton,2013,Percent,0.292
County,Overton,2014,Number,1279
County,Overton,2014,Percent,0.265
County,Overton,2015,Number,1262
County,Overton,2015,Percent,0.262
County,Overton,2016,Number,1206
County,Overton,2016,Percent,0.256
County,Overton,2017,Number,1074
County,Overton,2017,Percent,0.23
County,Overton,2018,Number,953
County,Overton,2018,Percent,0.208
County,Overton,2019,Number,999
County,Overton,2019,Percent,0.216
County,Perry,2007,Percent,0.273
County,Perry,2008,Percent,0.286
County,Perry,2009,Percent,0.301
County,Perry,2007,Number,469
County,Perry,2008,Number,496
County,Perry,2009,Number,517
County,Perry,2010,Number,592
County,Perry,2010,Percent,0.336
County,Perry,2011,Number,542
County,Perry,2011,Percent,0.311
County,Perry,2012,Number,571
County,Perry,2012,Percent,0.329
County,Perry,2013,Number,608
County,Perry,2013,Percent,0.351
County,Perry,2014,Number,557
County,Perry,2014,Percent,0.334
County,Perry,2015,Number,571
County,Perry,2015,Percent,0.336
County,Perry,2016,Number,561
County,Perry,2016,Percent,0.326
County,Perry,2017,Number,498
County,Perry,2017,Percent,0.289
County,Perry,2018,Number,464
County,Perry,2018,Percent,0.264
County,Perry,2019,Number,430
County,Perry,2019,Percent,0.244
County,Pickett,2007,Percent,0.295
County,Pickett,2008,Percent,0.315
County,Pickett,2009,Percent,0.307
County,Pickett,2007,Number,273
County,Pickett,2008,Number,298
County,Pickett,2009,Number,277
County,Pickett,2010,Number,312
County,Pickett,2010,Percent,0.33
County,Pickett,2011,Number,290
County,Pickett,2011,Percent,0.305
County,Pickett,2012,Number,290
County,Pickett,2012,Percent,0.304
County,Pickett,2013,Number,291
County,Pickett,2013,Percent,0.302
County,Pickett,2014,Number,277
County,Pickett,2014,Percent,0.297
County,Pickett,2015,Number,278
County,Pickett,2015,Percent,0.293
County,Pickett,2016,Number,255
County,Pickett,2016,Percent,0.273
County,Pickett,2017,Number,235
County,Pickett,2017,Percent,0.262
County,Pickett,2018,Number,214
County,Pickett,2018,Percent,0.243
County,Pickett,2019,Number,197
County,Pickett,2019,Percent,0.234
County,Polk,2007,Percent,0.225
County,Polk,2008,Percent,0.255
County,Polk,2009,Percent,0.281
County,Polk,2007,Number,767
County,Polk,2008,Number,862
County,Polk,2009,Number,985
County,Polk,2010,Number,1112
County,Polk,2010,Percent,0.306
County,Polk,2011,Number,990
County,Polk,2011,Percent,0.273
County,Polk,2012,Number,1036
County,Polk,2012,Percent,0.286
County,Polk,2013,Number,1017
County,Polk,2013,Percent,0.291
County,Polk,2014,Number,941
County,Polk,2014,Percent,0.278
County,Polk,2015,Number,952
County,Polk,2015,Percent,0.283
County,Polk,2016,Number,833
County,Polk,2016,Percent,0.253
County,Polk,2017,Number,747
County,Polk,2017,Percent,0.229
County,Polk,2018,Number,724
County,Polk,2018,Percent,0.224
County,Polk,2019,Number,728
County,Polk,2019,Percent,0.232
County,Putnam,2007,Percent,0.314
County,Putnam,2008,Percent,0.217
County,Putnam,2009,Percent,0.247
County,Putnam,2007,Number,4789
County,Putnam,2008,Number,3400
County,Putnam,2009,Number,3899
County,Putnam,2010,Number,4319
County,Putnam,2010,Percent,0.283
County,Putnam,2011,Number,4477
County,Putnam,2011,Percent,0.294
County,Putnam,2012,Number,4494
County,Putnam,2012,Percent,0.292
County,Putnam,2013,Number,5490
County,Putnam,2013,Percent,0.356
County,Putnam,2014,Number,4007
County,Putnam,2014,Percent,0.259
County,Putnam,2015,Number,3691
County,Putnam,2015,Percent,0.238
County,Putnam,2016,Number,3762
County,Putnam,2016,Percent,0.24
County,Putnam,2017,Number,3852
County,Putnam,2017,Percent,0.238
County,Putnam,2018,Number,3008
County,Putnam,2018,Percent,0.187
County,Putnam,2019,Number,3197
County,Putnam,2019,Percent,0.196
County,Rhea,2007,Percent,0.259
County,Rhea,2008,Percent,0.268
County,Rhea,2009,Percent,0.3
County,Rhea,2007,Number,1798
County,Rhea,2008,Number,1901
County,Rhea,2009,Number,2224
County,Rhea,2010,Number,2338
County,Rhea,2010,Percent,0.322
County,Rhea,2011,Number,2226
County,Rhea,2011,Percent,0.307
County,Rhea,2012,Number,2354
County,Rhea,2012,Percent,0.324
County,Rhea,2013,Number,2103
County,Rhea,2013,Percent,0.284
County,Rhea,2014,Number,2280
County,Rhea,2014,Percent,0.31
County,Rhea,2015,Number,2392
County,Rhea,2015,Percent,0.328
County,Rhea,2016,Number,1879
County,Rhea,2016,Percent,0.258
County,Rhea,2017,Number,1746
County,Rhea,2017,Percent,0.241
County,Rhea,2018,Number,1987
County,Rhea,2018,Percent,0.272
County,Rhea,2019,Number,1653
County,Rhea,2019,Percent,0.229
County,Roane,2007,Percent,0.226
County,Roane,2008,Percent,0.207
County,Roane,2009,Percent,0.22
County,Roane,2007,Number,2435
County,Roane,2008,Number,2216
County,Roane,2009,Number,2389
County,Roane,2010,Number,2746
County,Roane,2010,Percent,0.249
County,Roane,2011,Number,3092
County,Roane,2011,Percent,0.285
County,Roane,2012,Number,2649
County,Roane,2012,Percent,0.249
County,Roane,2013,Number,2925
County,Roane,2013,Percent,0.28
County,Roane,2014,Number,2618
County,Roane,2014,Percent,0.255
County,Roane,2015,Number,2547
County,Roane,2015,Percent,0.252
County,Roane,2016,Number,2203
County,Roane,2016,Percent,0.221
County,Roane,2017,Number,2110
County,Roane,2017,Percent,0.213
County,Roane,2018,Number,2156
County,Roane,2018,Percent,0.22
County,Roane,2019,Number,2055
County,Roane,2019,Percent,0.211
County,Robertson,2007,Percent,0.167
County,Robertson,2008,Percent,0.156
County,Robertson,2009,Percent,0.183
County,Robertson,2007,Number,2703
County,Robertson,2008,Number,2606
County,Robertson,2009,Number,3164
County,Robertson,2010,Number,3398
County,Robertson,2010,Percent,0.203
County,Robertson,2011,Number,3795
County,Robertson,2011,Percent,0.224
County,Robertson,2012,Number,3309
County,Robertson,2012,Percent,0.198
County,Robertson,2013,Number,3147
County,Robertson,2013,Percent,0.188
County,Robertson,2014,Number,3125
County,Robertson,2014,Percent,0.186
County,Robertson,2015,Number,3081
County,Robertson,2015,Percent,0.184
County,Robertson,2016,Number,2664
County,Robertson,2016,Percent,0.16
County,Robertson,2017,Number,2782
County,Robertson,2017,Percent,0.166
County,Robertson,2018,Number,2563
County,Robertson,2018,Percent,0.154
County,Robertson,2019,Number,2422
County,Robertson,2019,Percent,0.147
County,Rutherford,2007,Percent,0.139
County,Rutherford,2008,Percent,0.123
County,Rutherford,2009,Percent,0.156
County,Rutherford,2007,Number,8734
County,Rutherford,2008,Number,7992
County,Rutherford,2009,Number,10290
County,Rutherford,2010,Number,12481
County,Rutherford,2010,Percent,0.184
County,Rutherford,2011,Number,10910
County,Rutherford,2011,Percent,0.159
County,Rutherford,2012,Number,11604
County,Rutherford,2012,Percent,0.167
County,Rutherford,2013,Number,10885
County,Rutherford,2013,Percent,0.155
County,Rutherford,2014,Number,11548
County,Rutherford,2014,Percent,0.162
County,Rutherford,2015,Number,9918
County,Rutherford,2015,Percent,0.135
County,Rutherford,2016,Number,9876
County,Rutherford,2016,Percent,0.131
County,Rutherford,2017,Number,9725
County,Rutherford,2017,Percent,0.126
County,Rutherford,2018,Number,9340
County,Rutherford,2018,Percent,0.118
County,Rutherford,2019,Number,10306
County,Rutherford,2019,Percent,0.129
County,Scott,2007,Percent,0.306
County,Scott,2008,Percent,0.335
County,Scott,2009,Percent,0.324
County,Scott,2007,Number,1653
County,Scott,2008,Number,1812
County,Scott,2009,Number,1734
County,Scott,2010,Number,1983
County,Scott,2010,Percent,0.36
County,Scott,2011,Number,1834
County,Scott,2011,Percent,0.335
County,Scott,2012,Number,1794
County,Scott,2012,Percent,0.33
County,Scott,2013,Number,2067
County,Scott,2013,Percent,0.391
County,Scott,2014,Number,1681
County,Scott,2014,Percent,0.318
County,Scott,2015,Number,1820
County,Scott,2015,Percent,0.342
County,Scott,2016,Number,1505
County,Scott,2016,Percent,0.285
County,Scott,2017,Number,1575
County,Scott,2017,Percent,0.298
County,Scott,2018,Number,1397
County,Scott,2018,Percent,0.266
County,Scott,2019,Number,1578
County,Scott,2019,Percent,0.304
County,Sequatchie,2007,Percent,0.288
County,Sequatchie,2008,Percent,0.267
County,Sequatchie,2009,Percent,0.292
County,Sequatchie,2007,Number,895
County,Sequatchie,2008,Number,842
County,Sequatchie,2009,Number,966
County,Sequatchie,2010,Number,1106
County,Sequatchie,2010,Percent,0.34
County,Sequatchie,2011,Number,1036
County,Sequatchie,2011,Percent,0.32
County,Sequatchie,2012,Number,1022
County,Sequatchie,2012,Percent,0.315
County,Sequatchie,2013,Number,989
County,Sequatchie,2013,Percent,0.307
County,Sequatchie,2014,Number,930
County,Sequatchie,2014,Percent,0.295
County,Sequatchie,2015,Number,916
County,Sequatchie,2015,Percent,0.286
County,Sequatchie,2016,Number,861
County,Sequatchie,2016,Percent,0.273
County,Sequatchie,2017,Number,808
County,Sequatchie,2017,Percent,0.263
County,Sequatchie,2018,Number,782
County,Sequatchie,2018,Percent,0.256
County,Sequatchie,2019,Number,937
County,Sequatchie,2019,Percent,0.308
County,Sevier,2007,Percent,0.201
County,Sevier,2008,Percent,0.208
County,Sevier,2009,Percent,0.238
County,Sevier,2007,Number,3676
County,Sevier,2008,Number,3883
County,Sevier,2009,Number,4467
County,Sevier,2010,Number,5113
County,Sevier,2010,Percent,0.265
County,Sevier,2011,Number,5581
County,Sevier,2011,Percent,0.286
County,Sevier,2012,Number,5145
County,Sevier,2012,Percent,0.264
County,Sevier,2013,Number,5384
County,Sevier,2013,Percent,0.276
County,Sevier,2014,Number,5171
County,Sevier,2014,Percent,0.265
County,Sevier,2015,Number,4638
County,Sevier,2015,Percent,0.235
County,Sevier,2016,Number,4833
County,Sevier,2016,Percent,0.246
County,Sevier,2017,Number,3886
County,Sevier,2017,Percent,0.196
County,Sevier,2018,Number,4504
County,Sevier,2018,Percent,0.23
County,Sevier,2019,Number,3955
County,Sevier,2019,Percent,0.204
County,Shelby,2007,Percent,0.296
County,Shelby,2008,Percent,0.264
County,Shelby,2009,Percent,0.301
County,Shelby,2007,Number,72161
County,Shelby,2008,Number,63650
County,Shelby,2009,Number,74015
County,Shelby,2010,Number,70107
County,Shelby,2010,Percent,0.292
County,Shelby,2011,Number,74605
County,Shelby,2011,Percent,0.31
County,Shelby,2012,Number,76631
County,Shelby,2012,Percent,0.321
County,Shelby,2013,Number,82303
County,Shelby,2013,Percent,0.347
County,Shelby,2014,Number,81205
County,Shelby,2014,Percent,0.345
County,Shelby,2015,Number,73608
County,Shelby,2015,Percent,0.314
County,Shelby,2016,Number,76504
County,Shelby,2016,Percent,0.33
County,Shelby,2017,Number,67462
County,Shelby,2017,Percent,0.292
County,Shelby,2018,Number,75895
County,Shelby,2018,Percent,0.332
County,Shelby,2019,Number,58540
County,Shelby,2019,Percent,0.257
County,Smith,2007,Percent,0.211
County,Smith,2008,Percent,0.202
County,Smith,2009,Percent,0.243
County,Smith,2007,Number,921
County,Smith,2008,Number,889
County,Smith,2009,Number,1110
County,Smith,2010,Number,1221
County,Smith,2010,Percent,0.268
County,Smith,2011,Number,1207
County,Smith,2011,Percent,0.267
County,Smith,2012,Number,1167
County,Smith,2012,Percent,0.261
County,Smith,2013,Number,1086
County,Smith,2013,Percent,0.243
County,Smith,2014,Number,957
County,Smith,2014,Percent,0.218
County,Smith,2015,Number,1125
County,Smith,2015,Percent,0.252
County,Smith,2016,Number,921
County,Smith,2016,Percent,0.206
County,Smith,2017,Number,822
County,Smith,2017,Percent,0.185
County,Smith,2018,Number,835
County,Smith,2018,Percent,0.188
County,Smith,2019,Number,980
County,Smith,2019,Percent,0.223
County,Stewart,2007,Percent,0.201
County,Stewart,2008,Percent,0.214
County,Stewart,2009,Percent,0.259
County,Stewart,2007,Number,585
County,Stewart,2008,Number,626
County,Stewart,2009,Number,772
County,Stewart,2010,Number,725
County,Stewart,2010,Percent,0.243
County,Stewart,2011,Number,744
County,Stewart,2011,Percent,0.257
County,Stewart,2012,Number,789
County,Stewart,2012,Percent,0.275
County,Stewart,2013,Number,760
County,Stewart,2013,Percent,0.266
County,Stewart,2014,Number,744
County,Stewart,2014,Percent,0.265
County,Stewart,2015,Number,692
County,Stewart,2015,Percent,0.252
County,Stewart,2016,Number,684
County,Stewart,2016,Percent,0.254
County,Stewart,2017,Number,652
County,Stewart,2017,Percent,0.239
County,Stewart,2018,Number,617
County,Stewart,2018,Percent,0.222
County,Stewart,2019,Number,524
County,Stewart,2019,Percent,0.189
County,Sullivan,2007,Percent,0.224
County,Sullivan,2008,Percent,0.195
County,Sullivan,2009,Percent,0.228
County,Sullivan,2007,Number,7017
County,Sullivan,2008,Number,6077
County,Sullivan,2009,Number,7222
County,Sullivan,2010,Number,8812
County,Sullivan,2010,Percent,0.278
County,Sullivan,2011,Number,8473
County,Sullivan,2011,Percent,0.269
County,Sullivan,2012,Number,8217
County,Sullivan,2012,Percent,0.264
County,Sullivan,2013,Number,8631
County,Sullivan,2013,Percent,0.279
County,Sullivan,2014,Number,8673
County,Sullivan,2014,Percent,0.282
County,Sullivan,2015,Number,7507
County,Sullivan,2015,Percent,0.246
County,Sullivan,2016,Number,7269
County,Sullivan,2016,Percent,0.24
County,Sullivan,2017,Number,7168
County,Sullivan,2017,Percent,0.237
County,Sullivan,2018,Number,7337
County,Sullivan,2018,Percent,0.246
County,Sullivan,2019,Number,6790
County,Sullivan,2019,Percent,0.23
County,Sumner,2007,Percent,0.134
County,Sumner,2008,Percent,0.113
County,Sumner,2009,Percent,0.159
County,Sumner,2007,Number,4961
County,Sumner,2008,Number,4243
County,Sumner,2009,Number,6319
County,Sumner,2010,Number,7620
County,Sumner,2010,Percent,0.19
County,Sumner,2011,Number,6716
County,Sumner,2011,Percent,0.167
County,Sumner,2012,Number,6068
County,Sumner,2012,Percent,0.151
County,Sumner,2013,Number,6381
County,Sumner,2013,Percent,0.157
County,Sumner,2014,Number,7013
County,Sumner,2014,Percent,0.169
County,Sumner,2015,Number,5795
County,Sumner,2015,Percent,0.139
County,Sumner,2016,Number,5599
County,Sumner,2016,Percent,0.132
County,Sumner,2017,Number,4933
County,Sumner,2017,Percent,0.115
County,Sumner,2018,Number,5047
County,Sumner,2018,Percent,0.117
County,Sumner,2019,Number,5111
County,Sumner,2019,Percent,0.117
County,Tipton,2007,Percent,0.237
County,Tipton,2008,Percent,0.187
County,Tipton,2009,Percent,0.213
County,Tipton,2007,Number,3484
County,Tipton,2008,Number,2771
County,Tipton,2009,Number,3335
County,Tipton,2010,Number,3193
County,Tipton,2010,Percent,0.195
County,Tipton,2011,Number,3720
County,Tipton,2011,Percent,0.229
County,Tipton,2012,Number,3582
County,Tipton,2012,Percent,0.223
County,Tipton,2013,Number,3448
County,Tipton,2013,Percent,0.219
County,Tipton,2014,Number,3223
County,Tipton,2014,Percent,0.207
County,Tipton,2015,Number,3237
County,Tipton,2015,Percent,0.21
County,Tipton,2016,Number,3508
County,Tipton,2016,Percent,0.233
County,Tipton,2017,Number,2810
County,Tipton,2017,Percent,0.187
County,Tipton,2018,Number,2760
County,Tipton,2018,Percent,0.185
County,Tipton,2019,Number,2411
County,Tipton,2019,Percent,0.165
County,Trousdale,2007,Percent,0.216
County,Trousdale,2008,Percent,0.208
County,Trousdale,2009,Percent,0.243
County,Trousdale,2007,Number,378
County,Trousdale,2008,Number,366
County,Trousdale,2009,Number,440
County,Trousdale,2010,Number,504
County,Trousdale,2010,Percent,0.267
County,Trousdale,2011,Number,516
County,Trousdale,2011,Percent,0.279
County,Trousdale,2012,Number,495
County,Trousdale,2012,Percent,0.274
County,Trousdale,2013,Number,496
County,Trousdale,2013,Percent,0.28
County,Trousdale,2014,Number,465
County,Trousdale,2014,Percent,0.259
County,Trousdale,2015,Number,448
County,Trousdale,2015,Percent,0.247
County,Trousdale,2016,Number,459
County,Trousdale,2016,Percent,0.246
County,Trousdale,2017,Number,392
County,Trousdale,2017,Percent,0.207
County,Trousdale,2018,Number,390
County,Trousdale,2018,Percent,0.205
County,Trousdale,2019,Number,353
County,Trousdale,2019,Percent,0.179
County,Unicoi,2007,Percent,0.233
County,Unicoi,2008,Percent,0.252
County,Unicoi,2009,Percent,0.29
County,Unicoi,2007,Number,809
County,Unicoi,2008,Number,870
County,Unicoi,2009,Number,1013
County,Unicoi,2010,Number,984
County,Unicoi,2010,Percent,0.274
County,Unicoi,2011,Number,1042
County,Unicoi,2011,Percent,0.29
County,Unicoi,2012,Number,1020
County,Unicoi,2012,Percent,0.288
County,Unicoi,2013,Number,1001
County,Unicoi,2013,Percent,0.289
County,Unicoi,2014,Number,998
County,Unicoi,2014,Percent,0.293
County,Unicoi,2015,Number,915
County,Unicoi,2015,Percent,0.275
County,Unicoi,2016,Number,876
County,Unicoi,2016,Percent,0.27
County,Unicoi,2017,Number,834
County,Unicoi,2017,Percent,0.254
County,Unicoi,2018,Number,780
County,Unicoi,2018,Percent,0.241
County,Unicoi,2019,Number,719
County,Unicoi,2019,Percent,0.223
County,Union,2007,Percent,0.303
County,Union,2008,Percent,0.298
County,Union,2009,Percent,0.34
County,Union,2007,Number,1328
County,Union,2008,Number,1298
County,Union,2009,Number,1484
County,Union,2010,Number,1770
County,Union,2010,Percent,0.4
County,Union,2011,Number,1494
County,Union,2011,Percent,0.336
County,Union,2012,Number,1565
County,Union,2012,Percent,0.356
County,Union,2013,Number,1545
County,Union,2013,Percent,0.356
County,Union,2014,Number,1451
County,Union,2014,Percent,0.333
County,Union,2015,Number,1437
County,Union,2015,Percent,0.339
County,Union,2016,Number,1352
County,Union,2016,Percent,0.324
County,Union,2017,Number,1205
County,Union,2017,Percent,0.287
County,Union,2018,Number,1149
County,Union,2018,Percent,0.275
County,Union,2019,Number,1203
County,Union,2019,Percent,0.287
County,Van Buren,2007,Percent,0.285
County,Van Buren,2008,Percent,0.294
County,Van Buren,2009,Percent,0.323
County,Van Buren,2007,Number,322
County,Van Buren,2008,Number,332
County,Van Buren,2009,Number,361
County,Van Buren,2010,Number,372
County,Van Buren,2010,Percent,0.332
County,Van Buren,2011,Number,334
County,Van Buren,2011,Percent,0.308
County,Van Buren,2012,Number,344
County,Van Buren,2012,Percent,0.315
County,Van Buren,2013,Number,309
County,Van Buren,2013,Percent,0.29
County,Van Buren,2014,Number,331
County,Van Buren,2014,Percent,0.315
County,Van Buren,2015,Number,327
County,Van Buren,2015,Percent,0.309
County,Van Buren,2016,Number,342
County,Van Buren,2016,Percent,0.319
County,Van Buren,2017,Number,299
County,Van Buren,2017,Percent,0.274
County,Van Buren,2018,Number,300
County,Van Buren,2018,Percent,0.277
County,Van Buren,2019,Number,264
County,Van Buren,2019,Percent,0.235
County,Warren,2007,Percent,0.24
County,Warren,2008,Percent,0.266
County,Warren,2009,Percent,0.292
County,Warren,2007,Number,2214
County,Warren,2008,Number,2476
County,Warren,2009,Number,2781
County,Warren,2010,Number,3577
County,Warren,2010,Percent,0.377
County,Warren,2011,Number,2992
County,Warren,2011,Percent,0.316
County,Warren,2012,Number,2952
County,Warren,2012,Percent,0.314
County,Warren,2013,Number,2713
County,Warren,2013,Percent,0.29
County,Warren,2014,Number,2604
County,Warren,2014,Percent,0.282
County,Warren,2015,Number,2846
County,Warren,2015,Percent,0.301
County,Warren,2016,Number,2995
County,Warren,2016,Percent,0.317
County,Warren,2017,Number,2714
County,Warren,2017,Percent,0.287
County,Warren,2018,Number,3310
County,Warren,2018,Percent,0.353
County,Warren,2019,Number,2219
County,Warren,2019,Percent,0.237
County,Washington,2007,Percent,0.208
County,Washington,2008,Percent,0.18
County,Washington,2009,Percent,0.216
County,Washington,2007,Number,5048
County,Washington,2008,Number,4466
County,Washington,2009,Number,5294
County,Washington,2010,Number,5503
County,Washington,2010,Percent,0.226
County,Washington,2011,Number,5755
County,Washington,2011,Percent,0.235
County,Washington,2012,Number,5839
County,Washington,2012,Percent,0.239
County,Washington,2013,Number,5738
County,Washington,2013,Percent,0.235
County,Washington,2014,Number,5408
County,Washington,2014,Percent,0.22
County,Washington,2015,Number,5376
County,Washington,2015,Percent,0.221
County,Washington,2016,Number,4966
County,Washington,2016,Percent,0.205
County,Washington,2017,Number,4512
County,Washington,2017,Percent,0.186
County,Washington,2018,Number,4337
County,Washington,2018,Percent,0.18
County,Washington,2019,Number,4660
County,Washington,2019,Percent,0.194
County,Wayne,2007,Percent,0.271
County,Wayne,2008,Percent,0.266
County,Wayne,2009,Percent,0.292
County,Wayne,2007,Number,859
County,Wayne,2008,Number,827
County,Wayne,2009,Number,889
County,Wayne,2010,Number,1021
County,Wayne,2010,Percent,0.317
County,Wayne,2011,Number,1015
County,Wayne,2011,Percent,0.32
County,Wayne,2012,Number,986
County,Wayne,2012,Percent,0.321
County,Wayne,2013,Number,931
County,Wayne,2013,Percent,0.309
County,Wayne,2014,Number,942
County,Wayne,2014,Percent,0.309
County,Wayne,2015,Number,947
County,Wayne,2015,Percent,0.325
County,Wayne,2016,Number,804
County,Wayne,2016,Percent,0.282
County,Wayne,2017,Number,780
County,Wayne,2017,Percent,0.279
County,Wayne,2018,Number,754
County,Wayne,2018,Percent,0.276
County,Wayne,2019,Number,606
County,Wayne,2019,Percent,0.226
County,Weakley,2007,Percent,0.249
County,Weakley,2008,Percent,0.231
County,Weakley,2009,Percent,0.256
County,Weakley,2007,Number,1645
County,Weakley,2008,Number,1532
County,Weakley,2009,Number,1702
County,Weakley,2010,Number,1970
County,Weakley,2010,Percent,0.285
County,Weakley,2011,Number,1724
County,Weakley,2011,Percent,0.253
County,Weakley,2012,Number,1854
County,Weakley,2012,Percent,0.273
County,Weakley,2013,Number,1727
County,Weakley,2013,Percent,0.26
County,Weakley,2014,Number,1754
County,Weakley,2014,Percent,0.267
County,Weakley,2015,Number,1610
County,Weakley,2015,Percent,0.246
County,Weakley,2016,Number,1697
County,Weakley,2016,Percent,0.263
County,Weakley,2017,Number,1751
County,Weakley,2017,Percent,0.274
County,Weakley,2018,Number,1413
County,Weakley,2018,Percent,0.223
County,Weakley,2019,Number,1471
County,Weakley,2019,Percent,0.234
County,White,2007,Percent,0.292
County,White,2008,Percent,0.253
County,White,2009,Percent,0.286
County,White,2007,Number,1625
County,White,2008,Number,1417
County,White,2009,Number,1635
County,White,2010,Number,1868
County,White,2010,Percent,0.329
County,White,2011,Number,1711
County,White,2011,Percent,0.297
County,White,2012,Number,1584
County,White,2012,Percent,0.278
County,White,2013,Number,1634
County,White,2013,Percent,0.285
County,White,2014,Number,1683
County,White,2014,Percent,0.297
County,White,2015,Number,1634
County,White,2015,Percent,0.284
County,White,2016,Number,1498
County,White,2016,Percent,0.261
County,White,2017,Number,1390
County,White,2017,Percent,0.242
County,White,2018,Number,1430
County,White,2018,Percent,0.246
County,White,2019,Number,1253
County,White,2019,Percent,0.215
County,Williamson,2007,Percent,0.057
County,Williamson,2008,Percent,0.06
County,Williamson,2009,Percent,0.062
County,Williamson,2007,Number,2430
County,Williamson,2008,Number,2609
County,Williamson,2009,Number,3063
County,Williamson,2010,Number,3981
County,Williamson,2010,Percent,0.074
County,Williamson,2011,Number,3971
County,Williamson,2011,Percent,0.073
County,Williamson,2012,Number,4501
County,Williamson,2012,Percent,0.083
County,Williamson,2013,Number,3741
County,Williamson,2013,Percent,0.067
County,Williamson,2014,Number,3460
County,Williamson,2014,Percent,0.06
County,Williamson,2015,Number,3147
County,Williamson,2015,Percent,0.053
County,Williamson,2016,Number,3142
County,Williamson,2016,Percent,0.052
County,Williamson,2017,Number,2347
County,Williamson,2017,Percent,0.038
County,Williamson,2018,Number,2222
County,Williamson,2018,Percent,0.035
County,Williamson,2019,Number,2580
County,Williamson,2019,Percent,0.041
County,Wilson,2007,Percent,0.099
County,Wilson,2008,Percent,0.113
County,Wilson,2009,Percent,0.128
County,Wilson,2007,Number,2584
County,Wilson,2008,Number,3022
County,Wilson,2009,Number,3545
County,Wilson,2010,Number,4260
County,Wilson,2010,Percent,0.151
County,Wilson,2011,Number,4696
County,Wilson,2011,Percent,0.166
County,Wilson,2012,Number,3831
County,Wilson,2012,Percent,0.134
County,Wilson,2013,Number,4398
County,Wilson,2013,Percent,0.15
County,Wilson,2014,Number,4193
County,Wilson,2014,Percent,0.14
County,Wilson,2015,Number,3582
County,Wilson,2015,Percent,0.117
County,Wilson,2016,Number,3432
County,Wilson,2016,Percent,0.109
County,Wilson,2017,Number,3513
County,Wilson,2017,Percent,0.109
County,Wilson,2018,Number,3249
County,Wilson,2018,Percent,0.099
County,Wilson,2019,Number,3361
County,Wilson,2019,Percent,0.101
